{
  "sensitivity": {
    "K": {
      "Ant": {
        "10": [
          19955.998422851564,
          5498.9938271860365,
          22421.841796875,
          400
        ],
        "20": [
          21639.088359375,
          195.5785385297633,
          22268.912109375,
          400
        ],
        "2": [
          NaN,
          NaN,
          NaN,
          61
        ],
        "5": [
          13144.194013671875,
          7207.467851338804,
          21970.51171875,
          400
        ]
      },
      "HC": {
        "10": [
          12906.28333984375,
          333.4149823801272,
          13493.033203125,
          400
        ],
        "20": [
          16748.349599609373,
          2064.455120346295,
          19960.392578125,
          400
        ],
        "2": [
          NaN,
          NaN,
          NaN,
          31
        ],
        "5": [
          22120.74931640625,
          1707.3940107060985,
          25834.14453125,
          400
        ]
      }
    },
    "anchor": {
      "Ant": {
        "0.001": [
          19401.165631103515,
          3667.5597871856594,
          20920.083984375,
          400
        ],
        "0.01": [
          21837.88397216797,
          2027.8181436659856,
          23023.517578125,
          400
        ],
        "0.1": [
          21961.39107421875,
          331.6422908832865,
          22488.2421875,
          400
        ],
        "0.5": [
          14625.122064819336,
          7580.1452660811865,
          22746.38671875,
          400
        ],
        "0": [
          25077.51609375,
          422.1941709069162,
          26089.1796875,
          400
        ],
        "1.0": [
          21915.701435546875,
          2062.6183975726717,
          23870.958984375,
          400
        ]
      },
      "HC": {
        "0.001": [
          21240.2958203125,
          811.8146092575303,
          22050.458984375,
          400
        ],
        "0.01": [
          17409.9833984375,
          391.44084414495177,
          21000.4609375,
          400
        ],
        "0.1": [
          15217.475302734376,
          548.2267287117057,
          17598.0,
          400
        ],
        "0.5": [
          9113.676017227173,
          4085.6101743061736,
          12325.44921875,
          400
        ],
        "0": [
          19630.189680989584,
          354.5022330744366,
          20486.306640625,
          241
        ],
        "1.0": [
          8040.815844726562,
          260.8056043205502,
          8497.73828125,
          400
        ]
      }
    },
    "betaend": {
      "Ant": {
        "-0.5": [
          25334.12484375,
          804.027402383871,
          26184.830078125,
          400
        ],
        "-1.0": [
          11719.505493164062,
          7034.182767267531,
          20144.224609375,
          400
        ],
        "-1.5": [
          23697.21060546875,
          907.2881518239218,
          24598.49609375,
          400
        ],
        "-2.0": [
          25535.3239453125,
          267.55962819608675,
          25966.638671875,
          400
        ],
        "0.0": [
          20579.66345703125,
          779.8741026790717,
          21673.951171875,
          400
        ]
      },
      "HC": {
        "-0.5": [
          9171.676166992187,
          580.6615830077756,
          11061.0068359375,
          400
        ],
        "-1.0": [
          17633.84259765625,
          3750.250525342365,
          24352.859375,
          400
        ],
        "-1.5": [
          13428.247412109375,
          737.6394581462789,
          15426.1953125,
          400
        ],
        "-2.0": [
          12614.173046875,
          5221.084532955413,
          17068.89453125,
          400
        ],
        "0.0": [
          19288.038359375,
          2402.344595329096,
          23041.4921875,
          400
        ]
      }
    },
    "ema": {
      "Ant": {
        "0.001": [
          14872.468046875,
          2346.256826285572,
          18754.822265625,
          400
        ],
        "0.005": [
          16055.221284179688,
          7746.793459028538,
          23169.962890625,
          400
        ],
        "0.01": [
          23306.37529296875,
          189.02469989955605,
          23787.8828125,
          400
        ],
        "0.05": [
          22566.22546875,
          374.56285436460473,
          23425.015625,
          400
        ],
        "0.0": [
          3918.21728515625,
          0.0,
          3918.21728515625,
          400
        ]
      },
      "HC": {
        "0.001": [
          10156.686455078125,
          768.1403729773084,
          11657.455078125,
          400
        ],
        "0.005": [
          14830.053515625,
          714.5505475134177,
          16738.8671875,
          400
        ],
        "0.01": [
          16145.968383789062,
          562.4535564194475,
          17573.78125,
          291
        ],
        "0.05": [
          12873.053361124068,
          1146.0923360528536,
          15632.05859375,
          271
        ],
        "0.0": [
          -533.1782836914062,
          0.0,
          -533.1782836914062,
          400
        ]
      }
    },
    "ratio": {
      "Ant": {
        "0.0": [
          19877.08111328125,
          291.55386500608404,
          20245.51171875,
          400
        ],
        "0.25": [
          12851.128626708984,
          7812.06991629281,
          23110.953125,
          400
        ],
        "0.5": [
          8844.467825317382,
          8042.037208477356,
          20399.638671875,
          400
        ],
        "0.75": [
          22872.484267578126,
          1910.0380566717254,
          23680.623046875,
          400
        ],
        "1.0": [
          892.5284533691406,
          369.334709497513,
          10500.20703125,
          131
        ]
      },
      "HC": {
        "0.0": [
          9235.651025390625,
          313.16885280985815,
          10131.033203125,
          400
        ],
        "0.25": [
          6452.34455078125,
          210.59264386200897,
          7583.54296875,
          400
        ],
        "0.5": [
          13962.73211303711,
          4225.524164338199,
          16990.501953125,
          400
        ],
        "0.75": [
          16458.0906426239,
          3804.0525356044045,
          18996.9140625,
          400
        ],
        "1.0": [
          10068.123550907258,
          590.095269734332,
          11078.43359375,
          251
        ]
      }
    }
  },
  "non_stationary": {
    "dsac": {
      "Ant": [
        6522.144307250976,
        6144.143384614264,
        25258.60546875,
        400
      ],
      "HalfCheetah": [
        17576.006138305664,
        1903.0847724552386,
        18928.0625,
        400
      ],
      "Hopper": [
        633.7613632202149,
        65.06453861634712,
        736.5946044921875,
        400
      ],
      "Walker2d": [
        397.84132110595704,
        36.21843258475748,
        484.93426513671875,
        400
      ]
    },
    "resac": {
      "Ant": [
        20869.63140625,
        222.49157064077994,
        21195.482421875,
        400
      ],
      "HalfCheetah": [
        8833.897423095703,
        3701.8897795854264,
        14455.4873046875,
        400
      ],
      "Hopper": [
        632.296982421875,
        24.298471047861266,
        696.1004638671875,
        400
      ],
      "Walker2d": [
        399.40278289794924,
        15.30102722881613,
        480.8155822753906,
        400
      ]
    },
    "sac": {
      "Ant": [
        7076.377781066894,
        5676.653581224867,
        20818.7890625,
        400
      ],
      "HalfCheetah": [
        20180.8295703125,
        620.2975853064826,
        21718.029296875,
        400
      ],
      "Hopper": [
        608.8405844116211,
        72.87323726763728,
        744.9041137695312,
        400
      ],